{"vocabulary": {"excited": 2, "fiction": 3, "angry": 0, "happy": 4, "nonfiction": 6, "sad": 7, "children": 1, "neutral": 5}, "idf": [1.8471142225205595, 3.379876767295692, 1.8904565283193917, 1.4911250320803275, 3.479960225852675, 3.8986705607108596, 1.9461158689368778, 4.782171469762024]}